{
   "curve_0.png235707":{
      "filename":"curve_0.png",
      "size":235707,
      "regions":[
         {
            "shape_attributes":{
               "name":"polygon",
               "all_points_x":[
                  603,
                  629,
                  711,
                  806,
                  853,
                  905,
                  933,
                  954,
                  830,
                  729,
                  608,
                  603,
                  608,
                  631
               ],
               "all_points_y":[
                  965,
                  1003,
                  947,
                  942,
                  963,
                  982,
                  998,
                  972,
                  905,
                  905,
                  958,
                  970,
                  970,
                  998
               ]
            },
            "region_attributes":{

            }
         },
         {
            "shape_attributes":{
               "name":"polygon",
               "all_points_x":[
                  965,
                  985,
                  1033,
                  1107,
                  1163,
                  1176,
                  1100,
                  1038,
                  995,
                  967
               ],
               "all_points_y":[
                  1021,
                  1009,
                  1046,
                  1057,
                  1041,
                  1062,
                  1074,
                  1067,
                  1052,
                  1021
               ]
            },
            "region_attributes":{

            }
         },
         {
            "shape_attributes":{
               "name":"polygon",
               "all_points_x":[
                  1177,
                  1198,
                  1198,
                  1235,
                  1324,
                  1451,
                  1453,
                  1303,
                  1251,
                  1194,
                  1177
               ],
               "all_points_y":[
                  1062,
                  1062,
                  1104,
                  1195,
                  1277,
                  1309,
                  1329,
                  1291,
                  1246,
                  1165,
                  1060
               ]
            },
            "region_attributes":{

            }
         },
         {
            "shape_attributes":{
               "name":"polygon",
               "all_points_x":[
                  1454,
                  1402,
                  1456,
                  1476,
                  1449,
                  1430,
                  1435,
                  1454,
                  1471
               ],
               "all_points_y":[
                  1329,
                  1515,
                  1697,
                  1693,
                  1627,
                  1522,
                  1439,
                  1378,
                  1337
               ]
            },
            "region_attributes":{

            }
         },
         {
            "shape_attributes":{
               "name":"polygon",
               "all_points_x":[
                  1487,
                  1465,
                  1458,
                  1435,
                  1403,
                  1386,
                  1409,
                  1440,
                  1466,
                  1483,
                  1487
               ],
               "all_points_y":[
                  1738,
                  1740,
                  1778,
                  1822,
                  1849,
                  1866,
                  1881,
                  1860,
                  1828,
                  1792,
                  1737
               ]
            },
            "region_attributes":{

            }
         },
         {
            "shape_attributes":{
               "name":"polygon",
               "all_points_x":[
                  1180,
                  1219,
                  1275,
                  1337,
                  1381,
                  1430,
                  1455,
                  1477,
                  1428,
                  1368,
                  1308,
                  1235,
                  1171,
                  1177
               ],
               "all_points_y":[
                  1629,
                  1613,
                  1600,
                  1607,
                  1622,
                  1666,
                  1697,
                  1692,
                  1634,
                  1596,
                  1584,
                  1585,
                  1614,
                  1629
               ]
            },
            "region_attributes":{

            }
         },
         {
            "shape_attributes":{
               "name":"polygon",
               "all_points_x":[
                  747,
                  802,
                  874,
                  938,
                  954,
                  904,
                  847,
                  791,
                  763,
                  737,
                  745
               ],
               "all_points_y":[
                  1358,
                  1395,
                  1395,
                  1358,
                  1375,
                  1412,
                  1422,
                  1415,
                  1399,
                  1368,
                  1355
               ]
            },
            "region_attributes":{

            }
         },
         {
            "shape_attributes":{
               "name":"polygon",
               "all_points_x":[
                  970,
                  1028,
                  1091,
                  1147,
                  1159,
                  1118,
                  1062,
                  1006,
                  958,
                  971
               ],
               "all_points_y":[
                  1358,
                  1383,
                  1385,
                  1357,
                  1369,
                  1400,
                  1408,
                  1402,
                  1369,
                  1361
               ]
            },
            "region_attributes":{

            }
         },
         {
            "shape_attributes":{
               "name":"polygon",
               "all_points_x":[
                  729,
                  750,
                  770,
                  778,
                  769,
                  754,
                  737,
                  730,
                  749,
                  760,
                  753,
                  729
               ],
               "all_points_y":[
                  1615,
                  1622,
                  1566,
                  1513,
                  1449,
                  1395,
                  1369,
                  1369,
                  1422,
                  1482,
                  1548,
                  1614
               ]
            },
            "region_attributes":{

            }
         },
         {
            "shape_attributes":{
               "name":"polygon",
               "all_points_x":[
                  747,
                  772,
                  790,
                  767,
                  742,
                  731,
                  755,
                  764,
                  764,
                  729,
                  747
               ],
               "all_points_y":[
                  1643,
                  1700,
                  1797,
                  1859,
                  1902,
                  1897,
                  1855,
                  1803,
                  1723,
                  1649,
                  1639
               ]
            },
            "region_attributes":{

            }
         },
         {
            "shape_attributes":{
               "name":"polygon",
               "all_points_x":[
                  958,
                  943,
                  942,
                  924,
                  911,
                  913,
                  928,
                  941,
                  955,
                  956
               ],
               "all_points_y":[
                  1496,
                  1526,
                  1588,
                  1607,
                  1569,
                  1521,
                  1498,
                  1483,
                  1493,
                  1496
               ]
            },
            "region_attributes":{

            }
         },
         {
            "shape_attributes":{
               "name":"polygon",
               "all_points_x":[
                  981,
                  979,
                  1006,
                  1049,
                  1050,
                  1049,
                  1034,
                  1034,
                  1008,
                  979,
                  978
               ],
               "all_points_y":[
                  1476,
                  1455,
                  1459,
                  1472,
                  1495,
                  1536,
                  1536,
                  1492,
                  1473,
                  1476,
                  1457
               ]
            },
            "region_attributes":{

            }
         },
         {
            "shape_attributes":{
               "name":"polygon",
               "all_points_x":[
                  943,
                  923,
                  919,
                  928,
                  941,
                  956,
                  938,
                  939,
                  942
               ],
               "all_points_y":[
                  1674,
                  1669,
                  1707,
                  1761,
                  1784,
                  1776,
                  1738,
                  1700,
                  1675
               ]
            },
            "region_attributes":{

            }
         },
         {
            "shape_attributes":{
               "name":"polygon",
               "all_points_x":[
                  741,
                  773,
                  822,
                  877,
                  933,
                  942,
                  937,
                  900,
                  863,
                  814,
                  746,
                  735
               ],
               "all_points_y":[
                  1904,
                  1881,
                  1872,
                  1876,
                  1898,
                  1901,
                  1914,
                  1891,
                  1884,
                  1884,
                  1909,
                  1902
               ]
            },
            "region_attributes":{

            }
         },
         {
            "shape_attributes":{
               "name":"polygon",
               "all_points_x":[
                  971,
                  967,
                  997,
                  1048,
                  1094,
                  1149,
                  1144,
                  1088,
                  1034,
                  973,
                  967
               ],
               "all_points_y":[
                  1912,
                  1899,
                  1889,
                  1877,
                  1879,
                  1901,
                  1912,
                  1896,
                  1891,
                  1912,
                  1899
               ]
            },
            "region_attributes":{

            }
         },
         {
            "shape_attributes":{
               "name":"polygon",
               "all_points_x":[
                  1175,
                  1198,
                  1226,
                  1223,
                  1231,
                  1247,
                  1248,
                  1250,
                  1217,
                  1180,
                  1175
               ],
               "all_points_y":[
                  1901,
                  1893,
                  1867,
                  1828,
                  1780,
                  1781,
                  1824,
                  1877,
                  1906,
                  1913,
                  1903
               ]
            },
            "region_attributes":{

            }
         },
         {
            "shape_attributes":{
               "name":"polygon",
               "all_points_x":[
                  1170,
                  1175,
                  1186,
                  1190,
                  1183,
                  1170,
                  1157,
                  1156,
                  1161,
                  1172
               ],
               "all_points_y":[
                  1929,
                  1959,
                  2004,
                  2016,
                  2027,
                  2008,
                  1968,
                  1941,
                  1926,
                  1926
               ]
            },
            "region_attributes":{

            }
         },
         {
            "shape_attributes":{
               "name":"polygon",
               "all_points_x":[
                  1148,
                  1133,
                  1112,
                  1107,
                  1124,
                  1149,
                  1161,
                  1138,
                  1129,
                  1134,
                  1159,
                  1148
               ],
               "all_points_y":[
                  1624,
                  1593,
                  1530,
                  1469,
                  1401,
                  1363,
                  1372,
                  1434,
                  1482,
                  1540,
                  1617,
                  1624
               ]
            },
            "region_attributes":{

            }
         }
      ],
      "file_attributes":{

      }
   }}